<?xml version="1.0" encoding="UTF-8"?>
<project-private xmlns="http://www.netbeans.org/ns/project-private/1">
    <editor-bookmarks xmlns="http://www.netbeans.org/ns/editor-bookmarks/2" lastBookmarkId="0"/>
    <open-files xmlns="http://www.netbeans.org/ns/projectui-open-files/2">
        <group>
            <file>file:/C:/Users/migue/Documents/GitHub/Universidad/Proyecto_Final_Cronogramas_Docentes/src/vista/frmModulos.java</file>
            <file>file:/C:/Users/migue/Documents/GitHub/Universidad/Proyecto_Final_Cronogramas_Docentes/src/vista/frmProgramas.java</file>
            <file>file:/C:/Users/migue/Documents/GitHub/Universidad/Proyecto_Final_Cronogramas_Docentes/src/modelo/clsCurso.java</file>
            <file>file:/C:/Users/migue/Documents/GitHub/Universidad/Proyecto_Final_Cronogramas_Docentes/src/vista/frmCronogramas.java</file>
            <file>file:/C:/Users/migue/Documents/GitHub/Universidad/Proyecto_Final_Cronogramas_Docentes/src/modelo/clsPrograma.java</file>
            <file>file:/C:/Users/migue/Documents/GitHub/Universidad/Proyecto_Final_Cronogramas_Docentes/src/modelo/clsDocentes.java</file>
            <file>file:/C:/Users/migue/Documents/GitHub/Universidad/Proyecto_Final_Cronogramas_Docentes/src/vista/mdiPrincipal.java</file>
            <file>file:/C:/Users/migue/Documents/GitHub/Universidad/Proyecto_Final_Cronogramas_Docentes/src/modelo/clsCronograma.java</file>
        </group>
    </open-files>
</project-private>
