<?xml version="1.0" encoding="UTF-8"?>
<project-private xmlns="http://www.netbeans.org/ns/project-private/1">
    <editor-bookmarks xmlns="http://www.netbeans.org/ns/editor-bookmarks/2" lastBookmarkId="0"/>
    <open-files xmlns="http://www.netbeans.org/ns/projectui-open-files/2">
        <group>
            <file>file:/C:/Users/migue/Documents/GitHub/Universidad/Laboratorio_5_Miguel_Fernandez_Daniel_Guerrero_Santiago_Calderon/src/modelo/clsCuenta.java</file>
            <file>file:/C:/Users/migue/Documents/GitHub/Universidad/Laboratorio_5_Miguel_Fernandez_Daniel_Guerrero_Santiago_Calderon/src/vista/frmCuenta.java</file>
        </group>
    </open-files>
</project-private>
