<?xml version="1.0" encoding="UTF-8"?>
<project-private xmlns="http://www.netbeans.org/ns/project-private/1">
    <editor-bookmarks xmlns="http://www.netbeans.org/ns/editor-bookmarks/2" lastBookmarkId="0"/>
    <open-files xmlns="http://www.netbeans.org/ns/projectui-open-files/2">
        <group>
            <file>file:/C:/Users/migue/Documents/GitHub/Universidad/pytArchivos/src/modelo/clsClientes.java</file>
            <file>file:/C:/Users/migue/Documents/GitHub/Universidad/pytArchivos/src/vista/mdiPrincipal.java</file>
            <file>file:/C:/Users/migue/Documents/GitHub/Universidad/pytArchivos/src/vista/frmTarjetas.java</file>
            <file>file:/C:/Users/migue/Documents/GitHub/Universidad/pytArchivos/src/modelo/clsMetodos.java</file>
            <file>file:/C:/Users/migue/Documents/GitHub/Universidad/pytArchivos/src/vista/appLoad.java</file>
            <file>file:/C:/Users/migue/Documents/GitHub/Universidad/pytArchivos/src/modelo/clsTarjetas.java</file>
            <file>file:/C:/Users/migue/Documents/GitHub/Universidad/pytArchivos/src/vista/frmClientes.java</file>
        </group>
    </open-files>
</project-private>
