<?xml version="1.0" encoding="UTF-8"?>
<project-private xmlns="http://www.netbeans.org/ns/project-private/1">
    <editor-bookmarks xmlns="http://www.netbeans.org/ns/editor-bookmarks/2" lastBookmarkId="0"/>
    <open-files xmlns="http://www.netbeans.org/ns/projectui-open-files/2">
        <group>
            <file>file:/C:/Users/migue/Documents/GitHub/Universidad/Laboratorio_2_Miguel_Fernandez_Arteaga/src/laboratorio_2_miguel_fernandez_arteaga/Ejercicio3.java</file>
            <file>file:/C:/Users/migue/Documents/GitHub/Universidad/Laboratorio_2_Miguel_Fernandez_Arteaga/src/laboratorio_2_miguel_fernandez_arteaga/Ejercicio2.java</file>
            <file>file:/C:/Users/migue/Documents/GitHub/Universidad/Laboratorio_2_Miguel_Fernandez_Arteaga/src/laboratorio_2_miguel_fernandez_arteaga/Ejercicio1.java</file>
        </group>
    </open-files>
</project-private>
