<?xml version="1.0" encoding="UTF-8"?>
<project-private xmlns="http://www.netbeans.org/ns/project-private/1">
    <editor-bookmarks xmlns="http://www.netbeans.org/ns/editor-bookmarks/2" lastBookmarkId="1">
        <file>
            <url>src/laboratorio_3_miguel_fernandez_arteaga/Laboratorio_3_Miguel_Fernandez_Arteaga.java</url>
            <bookmark id="1">
                <name/>
                <line>78</line>
                <key/>
            </bookmark>
        </file>
    </editor-bookmarks>
    <open-files xmlns="http://www.netbeans.org/ns/projectui-open-files/2">
        <group>
            <file>file:/C:/Users/migue/Documents/GitHub/Universidad/Laboratorio_3_Miguel_Fernandez_Arteaga/src/laboratorio_3_miguel_fernandez_arteaga/Laboratorio_3_Miguel_Fernandez_Arteaga.java</file>
        </group>
    </open-files>
</project-private>
