<?xml version="1.0" encoding="UTF-8"?>
<project-private xmlns="http://www.netbeans.org/ns/project-private/1">
    <editor-bookmarks xmlns="http://www.netbeans.org/ns/editor-bookmarks/2" lastBookmarkId="0"/>
    <open-files xmlns="http://www.netbeans.org/ns/projectui-open-files/2">
        <group>
            <file>file:/home/miguel/Documentos/GitHub/Universidad/Proyecto_Final_Cronogramas_Docentes/src/modelo/clsDocente.java</file>
            <file>file:/home/miguel/Documentos/GitHub/Universidad/Proyecto_Final_Cronogramas_Docentes/src/modelo/clsCronograma.java</file>
            <file>file:/home/miguel/Documentos/GitHub/Universidad/Proyecto_Final_Cronogramas_Docentes/src/modelo/clsCentroFormacion.java</file>
            <file>file:/home/miguel/Documentos/GitHub/Universidad/Proyecto_Final_Cronogramas_Docentes/src/modelo/clsPersona.java</file>
            <file>file:/home/miguel/Documentos/GitHub/Universidad/Proyecto_Final_Cronogramas_Docentes/src/modelo/test.java</file>
            <file>file:/home/miguel/Documentos/GitHub/Universidad/Proyecto_Final_Cronogramas_Docentes/src/modelo/clsPrograma.java</file>
            <file>file:/home/miguel/Documentos/GitHub/Universidad/Proyecto_Final_Cronogramas_Docentes/src/modelo/clsModulos.java</file>
        </group>
    </open-files>
</project-private>
