<?xml version="1.0" encoding="UTF-8"?>
<project-private xmlns="http://www.netbeans.org/ns/project-private/1">
    <editor-bookmarks xmlns="http://www.netbeans.org/ns/editor-bookmarks/2" lastBookmarkId="0"/>
    <open-files xmlns="http://www.netbeans.org/ns/projectui-open-files/2">
        <group>
            <file>file:/home/miguel/Documentos/universidad/Programacion%201/Universidad/Laboratorio_1_Miguel_Fernandez_Arteaga/src/laboratorio_1_miguel_fernandez_arteaga/ServicioTaxi.java</file>
            <file>file:/home/miguel/Documentos/universidad/Programacion%201/Universidad/Laboratorio_1_Miguel_Fernandez_Arteaga/src/laboratorio_1_miguel_fernandez_arteaga/VentasPanaderia.java</file>
            <file>file:/home/miguel/Documentos/universidad/Programacion%201/Universidad/Laboratorio_1_Miguel_Fernandez_Arteaga/src/laboratorio_1_miguel_fernandez_arteaga/CotizacionCasa.java</file>
        </group>
    </open-files>
</project-private>
